{
    "uri": "https://bicon.net.solidwallet.io/api/v3",
    "nid": "0x3",
    "keyStore": null,
    "from": "hxe7af5fcfd8dfc67530a01a0e403882687528dfcb",
    "to": "cx0000000000000000000000000000000000000000",
    "deploy": {
        "stepLimit": "0x59682f00",
        "contentType": "zip",
        "mode": "install",
        "scoreParams": {
            "fundingGoalInIcx": "0x2fb60ce0",
            "tokenScore": "cx05ffc5a71291d54683a28b1f5d40e1f67b93c30b",
            "durationInBlocks": "0x1f4"
        }
    },
    "txresult": {},
    "transfer": {
        "stepLimit": "0x200000"
    }
}
